{
  "model": "CatBoost",
  "incremental": {
    "Base": {
      "r2_mean": 0.9663134804193589,
      "rmse_mean": 6.277291191888013,
      "mape_mean": 2.9627376814056903,
      "n_features": 7,
      "r2_folds": [
        0.9653150459856837,
        0.9653948716949725,
        0.9646900923768329,
        0.9682038213727324,
        0.967963570666573
      ]
    },
    "+CCI": {
      "r2_mean": 0.9748398906565802,
      "rmse_mean": 5.4251752159560285,
      "mape_mean": 2.6118807097284233,
      "n_features": 11,
      "r2_folds": [
        0.9763051956538011,
        0.9726925704022727,
        0.9753627519121649,
        0.9748411387211109,
        0.9749977965935509
      ]
    },
    "+Macro": {
      "r2_mean": 0.9737921050300653,
      "rmse_mean": 5.53608299551281,
      "mape_mean": 2.655049923359398,
      "n_features": 22,
      "r2_folds": [
        0.974814030764231,
        0.97122108429852,
        0.9754838768411533,
        0.9735638075463863,
        0.9738777257000358
      ]
    },
    "+Derived (Full B)": {
      "r2_mean": 0.9742610296993304,
      "rmse_mean": 5.485702811093906,
      "mape_mean": 2.6291004987839846,
      "n_features": 28,
      "r2_folds": [
        0.9757256859467802,
        0.9716012026995298,
        0.9760180421741094,
        0.9749860059343273,
        0.9729742117419055
      ]
    }
  },
  "logo": {
    "Full Model": {
      "r2_mean": 0.9742610296993304,
      "rmse_mean": 5.485702811093906,
      "mape_mean": 2.6291004987839846,
      "n_features": 28,
      "r2_folds": [
        0.9757256859467802,
        0.9716012026995298,
        0.9760180421741094,
        0.9749860059343273,
        0.9729742117419055
      ]
    },
    "-cci": {
      "r2_mean": 0.9730190919618714,
      "rmse_mean": 5.616033448442627,
      "mape_mean": 2.686250595514789,
      "n_features": 24,
      "r2_folds": [
        0.9742992002559385,
        0.9696523342271917,
        0.9742208271361273,
        0.9740722286115528,
        0.9728508695785468
      ]
    },
    "-macro": {
      "r2_mean": 0.9741072907491907,
      "rmse_mean": 5.5036509774888165,
      "mape_mean": 2.6504021499461397,
      "n_features": 17,
      "r2_folds": [
        0.9749991014040775,
        0.9721584550203506,
        0.9749258375063101,
        0.9751769120069722,
        0.9732761478082422
      ]
    },
    "-derived": {
      "r2_mean": 0.9737921050300653,
      "rmse_mean": 5.53608299551281,
      "mape_mean": 2.655049923359398,
      "n_features": 22,
      "r2_folds": [
        0.974814030764231,
        0.97122108429852,
        0.9754838768411533,
        0.9735638075463863,
        0.9738777257000358
      ]
    }
  }
}