{
  "global": {
    "project_type": 39.117819452335205,
    "cci_deviation": 9.458857043757678,
    "area_sqft": 7.582888008000652,
    "weighted_cci": 6.710705683111064,
    "log_area": 6.1005926028625295,
    "labor_cci": 5.40310836206979,
    "mat_cci": 2.676340992836077,
    "region": 2.165964097487967,
    "cci_labor_premium": 1.5412600824158507,
    "equip_cci": 1.0514619958332618,
    "cpi_all_urban": 1.0053963983489485,
    "housing_starts": 0.8063972864812738,
    "ppi_lumber": 0.758182173618058,
    "real_gdp": 0.6803514282004021,
    "regional_cpi": 0.607804426823955,
    "ppi_construction_materials": 0.5398342950695068,
    "year_num": 0.5268229611891161,
    "building_permits": 0.46989347282681426,
    "combined_material_rate": 0.3613290975298197,
    "year": 0.30833149494823625,
    "formwork_rate": 0.24713770955121125,
    "mortgage_30yr": 0.22695502187824398,
    "concrete_rate": 0.215999535767773,
    "unemployment_rate": 0.15040000160817327,
    "state": 0.12671341807626946,
    "ppi_steel_mill": 0.12085808912134038,
    "ppi_cement": 0.12003051118769063,
    "ppi_yoy_change": 0.07981531039799843
  },
  "regional": {
    "Midwest": {
      "project_type": 39.28185532799684,
      "cci_deviation": 8.894377001229618,
      "area_sqft": 7.803348096855831,
      "weighted_cci": 6.214572074052927,
      "log_area": 6.196567635390711,
      "labor_cci": 3.5912021460708208,
      "mat_cci": 2.58526612405905,
      "equip_cci": 1.1315342241324213,
      "cpi_all_urban": 0.9572344996616716,
      "housing_starts": 0.8133568559854092,
      "regional_cpi": 0.7333626247665725,
      "ppi_lumber": 0.7310331540224901,
      "real_gdp": 0.6432956349301129,
      "cci_labor_premium": 0.6340943792901463,
      "ppi_construction_materials": 0.5044785174033685,
      "year_num": 0.48221698687469466,
      "region": 0.44984747008900394,
      "building_permits": 0.42952814095574066,
      "combined_material_rate": 0.3695078524772295,
      "year": 0.27019871304349635,
      "formwork_rate": 0.25127626172421474,
      "mortgage_30yr": 0.23449731510800767,
      "concrete_rate": 0.20101535363363135,
      "unemployment_rate": 0.18520429270071004,
      "ppi_cement": 0.12558082876323157,
      "state": 0.11971274642350072,
      "ppi_steel_mill": 0.11017621492145445,
      "ppi_yoy_change": 0.07845673582786811
    },
    "Northeast": {
      "project_type": 40.567137672555546,
      "cci_deviation": 10.11106314819114,
      "area_sqft": 8.084841878224251,
      "weighted_cci": 6.624822023984149,
      "log_area": 6.559799189248292,
      "labor_cci": 5.1768911530802075,
      "mat_cci": 2.914164303359723,
      "region": 2.6928407701667623,
      "cci_labor_premium": 1.6662197970901937,
      "equip_cci": 1.0674795009653777,
      "cpi_all_urban": 1.0055758838565727,
      "ppi_lumber": 0.8195161213194135,
      "housing_starts": 0.8125269575809598,
      "real_gdp": 0.6672948438140807,
      "regional_cpi": 0.6147150514330912,
      "ppi_construction_materials": 0.5665432698264297,
      "year_num": 0.5165749580542085,
      "building_permits": 0.47026618547570054,
      "combined_material_rate": 0.4196025590462375,
      "year": 0.3435371758754004,
      "formwork_rate": 0.2784873047190103,
      "concrete_rate": 0.23353721748789263,
      "mortgage_30yr": 0.21807679105190422,
      "unemployment_rate": 0.12640099962613963,
      "state": 0.12338674956933397,
      "ppi_steel_mill": 0.11792111499757194,
      "ppi_yoy_change": 0.10020405276269158,
      "ppi_cement": 0.09891312579364113
    },
    "Southeast": {
      "project_type": 37.693882403729624,
      "cci_deviation": 8.537039866095387,
      "area_sqft": 7.241684693454184,
      "weighted_cci": 6.608520259735049,
      "labor_cci": 5.922847129869241,
      "log_area": 5.795863975453471,
      "region": 2.5082256916368006,
      "mat_cci": 2.3471665641197546,
      "cci_labor_premium": 1.8494877674577004,
      "equip_cci": 1.0356258519358057,
      "cpi_all_urban": 1.0134534579202954,
      "housing_starts": 0.7632302060469257,
      "real_gdp": 0.7221643672185617,
      "ppi_lumber": 0.6661851194645362,
      "year_num": 0.5383180338579272,
      "ppi_construction_materials": 0.5141192157506432,
      "regional_cpi": 0.5076499057792568,
      "building_permits": 0.4639277448328269,
      "combined_material_rate": 0.2843755730252288,
      "year": 0.27495877355580856,
      "mortgage_30yr": 0.2261566580606916,
      "formwork_rate": 0.20262752990427382,
      "concrete_rate": 0.17216668312703512,
      "unemployment_rate": 0.1506567129008201,
      "state": 0.1369593642824662,
      "ppi_cement": 0.1345084557319841,
      "ppi_steel_mill": 0.12293663070521292,
      "ppi_yoy_change": 0.05165496516671554
    },
    "Southwest": {
      "project_type": 37.10214255787415,
      "cci_deviation": 9.251887624421267,
      "weighted_cci": 7.132756964457216,
      "area_sqft": 6.913568800760461,
      "labor_cci": 6.469796244316566,
      "log_area": 5.687684117860245,
      "mat_cci": 2.565658487817718,
      "region": 2.528867930181122,
      "cci_labor_premium": 1.8404705237148704,
      "equip_cci": 1.0564598268241987,
      "cpi_all_urban": 1.0141964497138956,
      "housing_starts": 0.7824945596672261,
      "real_gdp": 0.7274160518048661,
      "ppi_lumber": 0.7160088430290261,
      "year_num": 0.548565379456603,
      "ppi_construction_materials": 0.5448375960341911,
      "regional_cpi": 0.5393067212948128,
      "building_permits": 0.48801203695708223,
      "combined_material_rate": 0.2963733433541732,
      "year": 0.294638745229975,
      "mortgage_30yr": 0.23526545349393765,
      "formwork_rate": 0.2027238550098857,
      "concrete_rate": 0.1756262452224308,
      "unemployment_rate": 0.15671906918594936,
      "ppi_cement": 0.13411787012554086,
      "state": 0.1272413279046582,
      "ppi_steel_mill": 0.1258383515147735,
      "ppi_yoy_change": 0.05133672923303125
    },
    "West": {
      "project_type": 41.01370465278457,
      "cci_deviation": 10.53778263240218,
      "area_sqft": 7.8865160002942565,
      "weighted_cci": 6.980590525177014,
      "log_area": 6.275405714781215,
      "labor_cci": 5.891801697920871,
      "mat_cci": 2.979603271009357,
      "region": 2.7084386883557077,
      "cci_labor_premium": 1.7422238588474617,
      "cpi_all_urban": 1.038163903613822,
      "equip_cci": 0.9629515364459919,
      "ppi_lumber": 0.8614012229978751,
      "housing_starts": 0.8611400080212411,
      "regional_cpi": 0.6416647037751217,
      "real_gdp": 0.6413291188955446,
      "ppi_construction_materials": 0.5707485863897303,
      "year_num": 0.5494814605555274,
      "building_permits": 0.49886802147027265,
      "combined_material_rate": 0.43916247688480103,
      "year": 0.36064644545158026,
      "formwork_rate": 0.30217370530771065,
      "concrete_rate": 0.2998575303458321,
      "mortgage_30yr": 0.22019187498794007,
      "unemployment_rate": 0.1313215338793641,
      "ppi_steel_mill": 0.12767754187437722,
      "state": 0.12645546788321851,
      "ppi_yoy_change": 0.11861223076211266,
      "ppi_cement": 0.10620416900762855
    }
  },
  "description": "Mean absolute SHAP values. Higher = more impact on prediction."
}